都道府県,データ配信元,報告日時,地方名,予報日時,天気,風,波
北海道,釧路地方気象台,2023-11-13T11:00:00+09:00,釧路地方,2023-11-13T11:00:00+09:00,晴れ　時々　くもり,北西の風　後　西の風　海上　では　西の風　やや強く,１メートル　後　１．５メートル
北海道,釧路地方気象台,2023-11-13T11:00:00+09:00,釧路地方,2023-11-14T00:00:00+09:00,晴れ　昼前　まで　時々　くもり,北西の風　後　西の風　海上　では　北西の風　やや強く,２メートル　後　１．５メートル
北海道,釧路地方気象台,2023-11-13T11:00:00+09:00,釧路地方,2023-11-15T00:00:00+09:00,晴れ　時々　くもり,北の風,１メートル
北海道,釧路地方気象台,2023-11-13T11:00:00+09:00,根室地方,2023-11-13T11:00:00+09:00,晴れ　時々　くもり,北西の風　後　西の風　海上　では　西の風　やや強く,１．５メートル
北海道,釧路地方気象台,2023-11-13T11:00:00+09:00,根室地方,2023-11-14T00:00:00+09:00,晴れ　時々　くもり　根室北部　では　明け方　まで　雪,西の風　後　北西の風　やや強く,２メートル　後　２．５メートル
北海道,釧路地方気象台,2023-11-13T11:00:00+09:00,根室地方,2023-11-15T00:00:00+09:00,晴れ　時々　くもり,西の風,２．５メートル　後　１メートル
北海道,釧路地方気象台,2023-11-13T11:00:00+09:00,十勝地方,2023-11-13T11:00:00+09:00,晴れ　時々　くもり,北西の風　海上　では　北西の風　やや強く,１メートル　後　１．５メートル
北海道,釧路地方気象台,2023-11-13T11:00:00+09:00,十勝地方,2023-11-14T00:00:00+09:00,晴れ　時々　くもり,西の風　海上　では　北西の風　やや強く,２メートル　後　１．５メートル
北海道,釧路地方気象台,2023-11-13T11:00:00+09:00,十勝地方,2023-11-15T00:00:00+09:00,晴れ　時々　くもり,北の風　後　南東の風,１メートル
北海道,旭川地方気象台,2023-11-13T11:00:00+09:00,上川地方,2023-11-13T11:00:00+09:00,くもり　夕方　から　雪,南西の風,
北海道,旭川地方気象台,2023-11-13T11:00:00+09:00,上川地方,2023-11-14T00:00:00+09:00,雪　昼過ぎ　から　くもり　所により　昼前　まで　雷　を伴う,西の風,
北海道,旭川地方気象台,2023-11-13T11:00:00+09:00,上川地方,2023-11-15T00:00:00+09:00,くもり,南の風,
北海道,旭川地方気象台,2023-11-13T11:00:00+09:00,留萌地方,2023-11-13T11:00:00+09:00,雪か雨　時々　くもり,西の風　やや強く　海上　では　後　北西の風　強く,２メートル　後　２．５メートル
北海道,旭川地方気象台,2023-11-13T11:00:00+09:00,留萌地方,2023-11-14T00:00:00+09:00,雪　で　ふぶく　昼過ぎ　から　くもり　所により　昼前　まで　雷　を伴う,西の風　やや強く　海上　では　北西の風　強く,３メートル　後　１．５メートル
北海道,旭川地方気象台,2023-11-13T11:00:00+09:00,留萌地方,2023-11-15T00:00:00+09:00,くもり,東の風　後　西の風,１．５メートル　後　１メートル
北海道,札幌管区気象台,2023-11-13T11:00:00+09:00,石狩地方,2023-11-13T11:00:00+09:00,くもり　夜　雪か雨,西の風　海上　では　後　西の風　強く,２メートル　後　２．５メートル
北海道,札幌管区気象台,2023-11-13T11:00:00+09:00,石狩地方,2023-11-14T00:00:00+09:00,くもり　明け方　まで　雪か雨,北西の風　海上　では　北西の風　強く,３メートル　後　１．５メートル
北海道,札幌管区気象台,2023-11-13T11:00:00+09:00,石狩地方,2023-11-15T00:00:00+09:00,晴れ　時々　くもり,南の風　後　北の風,１．５メートル　後　１メートル
北海道,札幌管区気象台,2023-11-13T11:00:00+09:00,空知地方,2023-11-13T11:00:00+09:00,くもり　夕方　から　雪,西の風　後　南西の風,
北海道,札幌管区気象台,2023-11-13T11:00:00+09:00,空知地方,2023-11-14T00:00:00+09:00,くもり　明け方　まで　雪,西の風,
北海道,札幌管区気象台,2023-11-13T11:00:00+09:00,空知地方,2023-11-15T00:00:00+09:00,くもり,南の風　後　東の風,
北海道,札幌管区気象台,2023-11-13T11:00:00+09:00,後志地方,2023-11-13T11:00:00+09:00,くもり　夕方　から　雪か雨,西の風　海上　では　後　西の風　強く,２メートル　後　２．５メートル
北海道,札幌管区気象台,2023-11-13T11:00:00+09:00,後志地方,2023-11-14T00:00:00+09:00,くもり　明け方　まで　雪か雨,西の風　海上　では　北西の風　強く,３メートル　後　１．５メートル
北海道,札幌管区気象台,2023-11-13T11:00:00+09:00,後志地方,2023-11-15T00:00:00+09:00,晴れ　時々　くもり,西の風,１．５メートル　後　１メートル
青森,青森地方気象台,2023-11-13T11:00:00+09:00,津軽,2023-11-13T11:00:00+09:00,くもり　夕方　から　雨か雪,西の風　海上　では　北西の風　強く,２．５メートル　後　３メートル
青森,青森地方気象台,2023-11-13T11:00:00+09:00,津軽,2023-11-14T00:00:00+09:00,くもり　明け方　まで　雨か雪,西の風　海上　では　はじめ　北西の風　強く,３メートル
青森,青森地方気象台,2023-11-13T11:00:00+09:00,津軽,2023-11-15T00:00:00+09:00,くもり,西の風,２メートル　後　１メートル
青森,青森地方気象台,2023-11-13T11:00:00+09:00,下北,2023-11-13T11:00:00+09:00,くもり　所により　雨か雪,西の風　海上　では　西の風　強く,１．５メートル　後　２メートル
青森,青森地方気象台,2023-11-13T11:00:00+09:00,下北,2023-11-14T00:00:00+09:00,くもり　昼過ぎ　から　時々　晴れ　所により　明け方　まで　雨か雪,西の風　海上　では　はじめ　西の風　強く,２メートル　後　１．５メートル
青森,青森地方気象台,2023-11-13T11:00:00+09:00,下北,2023-11-15T00:00:00+09:00,くもり　時々　晴れ,南の風,１メートル
青森,青森地方気象台,2023-11-13T11:00:00+09:00,三八上北,2023-11-13T11:00:00+09:00,くもり　所により　雨か雪,西の風　やや強く,１．５メートル　後　２メートル
青森,青森地方気象台,2023-11-13T11:00:00+09:00,三八上北,2023-11-14T00:00:00+09:00,くもり　昼過ぎ　から　時々　晴れ　所により　昼前　まで　雨か雪,西の風　やや強く,２メートル
青森,青森地方気象台,2023-11-13T11:00:00+09:00,三八上北,2023-11-15T00:00:00+09:00,くもり　時々　晴れ,西の風,１メートル
岩手,盛岡地方気象台,2023-11-13T11:00:00+09:00,内陸,2023-11-13T11:00:00+09:00,くもり　所により　雨か雪,北西の風,
岩手,盛岡地方気象台,2023-11-13T11:00:00+09:00,内陸,2023-11-14T00:00:00+09:00,くもり　昼過ぎ　から　時々　晴れ　所により　昼前　まで　雨か雪,西の風,
岩手,盛岡地方気象台,2023-11-13T11:00:00+09:00,内陸,2023-11-15T00:00:00+09:00,くもり　時々　晴れ,東の風,
岩手,盛岡地方気象台,2023-11-13T11:00:00+09:00,沿岸北部,2023-11-13T11:00:00+09:00,くもり　時々　晴れ,西の風　海上　では　北西の風　やや強く,１．５メートル
岩手,盛岡地方気象台,2023-11-13T11:00:00+09:00,沿岸北部,2023-11-14T00:00:00+09:00,晴れ　昼過ぎ　まで　時々　くもり,西の風　海上　では　西の風　やや強く,２メートル
岩手,盛岡地方気象台,2023-11-13T11:00:00+09:00,沿岸北部,2023-11-15T00:00:00+09:00,晴れ　時々　くもり,西の風,１メートル
岩手,盛岡地方気象台,2023-11-13T11:00:00+09:00,沿岸南部,2023-11-13T11:00:00+09:00,くもり　時々　晴れ,北西の風　海上　では　北西の風　やや強く,１．５メートル
岩手,盛岡地方気象台,2023-11-13T11:00:00+09:00,沿岸南部,2023-11-14T00:00:00+09:00,晴れ　昼過ぎ　まで　時々　くもり,北西の風　日中　北の風　海上　では　西の風　やや強く,２メートル　後　１．５メートル
岩手,盛岡地方気象台,2023-11-13T11:00:00+09:00,沿岸南部,2023-11-15T00:00:00+09:00,晴れ　時々　くもり,北の風　後　南の風,１メートル
宮城,仙台管区気象台,2023-11-13T11:00:00+09:00,東部,2023-11-13T11:00:00+09:00,晴れ　昼過ぎ　から　夕方　くもり,北西の風　後　西の風　やや強く,１．５メートル
宮城,仙台管区気象台,2023-11-13T11:00:00+09:00,東部,2023-11-14T00:00:00+09:00,くもり　昼前　から　時々　晴れ,西の風　やや強く,２メートル　後　１メートル
宮城,仙台管区気象台,2023-11-13T11:00:00+09:00,東部,2023-11-15T00:00:00+09:00,晴れ　時々　くもり,西の風,１メートル
宮城,仙台管区気象台,2023-11-13T11:00:00+09:00,西部,2023-11-13T11:00:00+09:00,くもり　昼過ぎ　から　夕方　雨か雪,西の風,
宮城,仙台管区気象台,2023-11-13T11:00:00+09:00,西部,2023-11-14T00:00:00+09:00,くもり　時々　晴れ　未明　雨か雪,西の風,
宮城,仙台管区気象台,2023-11-13T11:00:00+09:00,西部,2023-11-15T00:00:00+09:00,くもり　時々　晴れ,西の風,
秋田,秋田地方気象台,2023-11-13T11:00:00+09:00,沿岸,2023-11-13T11:00:00+09:00,雨か雪　時々　くもり　所により　雷　を伴う,北西の風　やや強く　後　西の風　やや強く,３メートル
秋田,秋田地方気象台,2023-11-13T11:00:00+09:00,沿岸,2023-11-14T00:00:00+09:00,雨　昼前　から　くもり　所により　明け方　まで　雷　を伴う,西の風　やや強く,３メートル
秋田,秋田地方気象台,2023-11-13T11:00:00+09:00,沿岸,2023-11-15T00:00:00+09:00,くもり,東の風,２メートル　後　１メートル
秋田,秋田地方気象台,2023-11-13T11:00:00+09:00,内陸,2023-11-13T11:00:00+09:00,雨か雪　時々　くもり　所により　雷　を伴う,西の風,
秋田,秋田地方気象台,2023-11-13T11:00:00+09:00,内陸,2023-11-14T00:00:00+09:00,雨か雪　昼前　から　くもり　所により　明け方　まで　雷　を伴う,西の風,
秋田,秋田地方気象台,2023-11-13T11:00:00+09:00,内陸,2023-11-15T00:00:00+09:00,くもり,東の風,
山形,山形地方気象台,2023-11-13T11:00:00+09:00,村山,2023-11-13T11:00:00+09:00,くもり　時々　雨　所により　夕方　まで　雷　を伴う,西の風,
山形,山形地方気象台,2023-11-13T11:00:00+09:00,村山,2023-11-14T00:00:00+09:00,雨　昼前　から　くもり,西の風,
山形,山形地方気象台,2023-11-13T11:00:00+09:00,村山,2023-11-15T00:00:00+09:00,くもり,南東の風,
山形,山形地方気象台,2023-11-13T11:00:00+09:00,置賜,2023-11-13T11:00:00+09:00,雨　夕方　まで　時々　くもり　所により　雷　を伴う,西の風,
山形,山形地方気象台,2023-11-13T11:00:00+09:00,置賜,2023-11-14T00:00:00+09:00,雨　昼過ぎ　から　くもり　西置賜　では　明け方　まで　雷　を伴う,西の風,
山形,山形地方気象台,2023-11-13T11:00:00+09:00,置賜,2023-11-15T00:00:00+09:00,くもり,北の風,
山形,山形地方気象台,2023-11-13T11:00:00+09:00,庄内,2023-11-13T11:00:00+09:00,雨　夕方　まで　時々　くもり　所により　雷　を伴う,西の風　やや強く,３メートル
山形,山形地方気象台,2023-11-13T11:00:00+09:00,庄内,2023-11-14T00:00:00+09:00,雨　昼過ぎ　から　くもり　所により　明け方　まで　雷　を伴う,西の風　やや強く,３メートル
山形,山形地方気象台,2023-11-13T11:00:00+09:00,庄内,2023-11-15T00:00:00+09:00,くもり,東の風,２メートル　後　１メートル
山形,山形地方気象台,2023-11-13T11:00:00+09:00,最上,2023-11-13T11:00:00+09:00,雨　夕方　まで　時々　くもり　所により　雷　を伴う,北西の風,
山形,山形地方気象台,2023-11-13T11:00:00+09:00,最上,2023-11-14T00:00:00+09:00,雨　昼過ぎ　から　くもり　所により　明け方　まで　雷　を伴う,北西の風　日中　西の風,
山形,山形地方気象台,2023-11-13T11:00:00+09:00,最上,2023-11-15T00:00:00+09:00,くもり,東の風,
福島,福島地方気象台,2023-11-13T11:00:00+09:00,中通り,2023-11-13T11:00:00+09:00,くもり　時々　晴れ　所により　雨か雪,西の風　やや強く　後　北西の風,
福島,福島地方気象台,2023-11-13T11:00:00+09:00,中通り,2023-11-14T00:00:00+09:00,くもり　所により　朝　まで　雨か雪,西の風,
福島,福島地方気象台,2023-11-13T11:00:00+09:00,中通り,2023-11-15T00:00:00+09:00,晴れ　時々　くもり,北の風,
福島,福島地方気象台,2023-11-13T11:00:00+09:00,浜通り,2023-11-13T11:00:00+09:00,くもり　時々　晴れ,北西の風　やや強く,２メートル　後　１．５メートル
福島,福島地方気象台,2023-11-13T11:00:00+09:00,浜通り,2023-11-14T00:00:00+09:00,くもり　時々　晴れ,北西の風　後　西の風　海上　では　西の風　やや強く,１．５メートル　後　１メートル
福島,福島地方気象台,2023-11-13T11:00:00+09:00,浜通り,2023-11-15T00:00:00+09:00,晴れ　時々　くもり,北の風,１メートル
福島,福島地方気象台,2023-11-13T11:00:00+09:00,会津,2023-11-13T11:00:00+09:00,くもり　夕方　から　雨か雪,西の風,
福島,福島地方気象台,2023-11-13T11:00:00+09:00,会津,2023-11-14T00:00:00+09:00,くもり　未明　雨か雪,西の風,
福島,福島地方気象台,2023-11-13T11:00:00+09:00,会津,2023-11-15T00:00:00+09:00,くもり　時々　晴れ,北の風,
茨城,水戸地方気象台,2023-11-13T11:00:00+09:00,北部,2023-11-13T11:00:00+09:00,くもり　時々　晴れ,北西の風　やや強く　海上　では　北の風　強く,２．５メートル　後　２メートル
茨城,水戸地方気象台,2023-11-13T11:00:00+09:00,北部,2023-11-14T00:00:00+09:00,晴れ　時々　くもり,北西の風　海上　では　はじめ　北西の風　やや強く,２メートル　後　１．５メートル　うねり　を伴う
茨城,水戸地方気象台,2023-11-13T11:00:00+09:00,北部,2023-11-15T00:00:00+09:00,くもり　時々　晴れ,北の風,１．５メートル
茨城,水戸地方気象台,2023-11-13T11:00:00+09:00,南部,2023-11-13T11:00:00+09:00,晴れ　時々　くもり,北西の風　やや強く　海上　では　北の風　強く,３メートル　後　２メートル
茨城,水戸地方気象台,2023-11-13T11:00:00+09:00,南部,2023-11-14T00:00:00+09:00,晴れ　朝晩　くもり,西の風　後　東の風　海上　では　はじめ　北西の風　やや強く,２メートル　後　１．５メートル　うねり　を伴う
茨城,水戸地方気象台,2023-11-13T11:00:00+09:00,南部,2023-11-15T00:00:00+09:00,くもり　時々　晴れ,北西の風,１．５メートル
栃木,宇都宮地方気象台,2023-11-13T11:00:00+09:00,南部,2023-11-13T11:00:00+09:00,晴れ　時々　くもり,南の風,
栃木,宇都宮地方気象台,2023-11-13T11:00:00+09:00,南部,2023-11-14T00:00:00+09:00,晴れ　時々　くもり,北の風　日中　南東の風,
栃木,宇都宮地方気象台,2023-11-13T11:00:00+09:00,南部,2023-11-15T00:00:00+09:00,晴れ　時々　くもり,北の風,
栃木,宇都宮地方気象台,2023-11-13T11:00:00+09:00,北部,2023-11-13T11:00:00+09:00,くもり　時々　晴れ　所により　昼過ぎ　から　雨か雪,北の風　やや強く,
栃木,宇都宮地方気象台,2023-11-13T11:00:00+09:00,北部,2023-11-14T00:00:00+09:00,くもり　夜　晴れ　所により　朝　まで　雪か雨,北の風,
栃木,宇都宮地方気象台,2023-11-13T11:00:00+09:00,北部,2023-11-15T00:00:00+09:00,晴れ　時々　くもり,北の風,
群馬,前橋地方気象台,2023-11-13T11:00:00+09:00,南部,2023-11-13T11:00:00+09:00,晴れ,北西の風,
群馬,前橋地方気象台,2023-11-13T11:00:00+09:00,南部,2023-11-14T00:00:00+09:00,晴れ　時々　くもり,北西の風,
群馬,前橋地方気象台,2023-11-13T11:00:00+09:00,南部,2023-11-15T00:00:00+09:00,晴れ　時々　くもり,北西の風,
群馬,前橋地方気象台,2023-11-13T11:00:00+09:00,北部,2023-11-13T11:00:00+09:00,くもり　所により　雪か雨,北の風,
群馬,前橋地方気象台,2023-11-13T11:00:00+09:00,北部,2023-11-14T00:00:00+09:00,くもり　昼過ぎ　から　時々　晴れ　所により　昼前　まで　雪か雨,北の風,
群馬,前橋地方気象台,2023-11-13T11:00:00+09:00,北部,2023-11-15T00:00:00+09:00,くもり　時々　晴れ,北の風,
埼玉,熊谷地方気象台,2023-11-13T11:00:00+09:00,北部,2023-11-13T11:00:00+09:00,くもり　昼過ぎ　から　晴れ,北西の風　やや強く,
埼玉,熊谷地方気象台,2023-11-13T11:00:00+09:00,北部,2023-11-14T00:00:00+09:00,晴れ　夕方　から　くもり,北西の風,
埼玉,熊谷地方気象台,2023-11-13T11:00:00+09:00,北部,2023-11-15T00:00:00+09:00,晴れ　時々　くもり,北西の風,
埼玉,熊谷地方気象台,2023-11-13T11:00:00+09:00,南部,2023-11-13T11:00:00+09:00,くもり　昼過ぎ　から　晴れ,北の風　やや強く,
埼玉,熊谷地方気象台,2023-11-13T11:00:00+09:00,南部,2023-11-14T00:00:00+09:00,晴れ　夕方　から　くもり,北西の風　後　南の風,
埼玉,熊谷地方気象台,2023-11-13T11:00:00+09:00,南部,2023-11-15T00:00:00+09:00,晴れ　時々　くもり,北の風,
埼玉,熊谷地方気象台,2023-11-13T11:00:00+09:00,秩父地方,2023-11-13T11:00:00+09:00,くもり　昼過ぎ　から　晴れ,北西の風,
埼玉,熊谷地方気象台,2023-11-13T11:00:00+09:00,秩父地方,2023-11-14T00:00:00+09:00,晴れ　夕方　から　くもり,南西の風　日中　東の風,
埼玉,熊谷地方気象台,2023-11-13T11:00:00+09:00,秩父地方,2023-11-15T00:00:00+09:00,晴れ　時々　くもり,南西の風,
千葉,銚子地方気象台,2023-11-13T11:00:00+09:00,北西部,2023-11-13T11:00:00+09:00,晴れ　時々　くもり,北の風　後　北西の風　やや強く,０．５メートル　後　１．５メートル
千葉,銚子地方気象台,2023-11-13T11:00:00+09:00,北西部,2023-11-14T00:00:00+09:00,晴れ　夕方　から　くもり,北西の風　後　南東の風,０．５メートル
千葉,銚子地方気象台,2023-11-13T11:00:00+09:00,北西部,2023-11-15T00:00:00+09:00,くもり　時々　晴れ,北の風,０．５メートル
千葉,銚子地方気象台,2023-11-13T11:00:00+09:00,北東部,2023-11-13T11:00:00+09:00,晴れ　時々　くもり,北西の風　やや強く　海上　では　北の風　強く,３メートル　後　２メートル
千葉,銚子地方気象台,2023-11-13T11:00:00+09:00,北東部,2023-11-14T00:00:00+09:00,晴れ　夕方　から　くもり,北西の風　後　南東の風　海上　では　はじめ　北西の風　やや強く,２メートル　後　１．５メートル　うねり　を伴う
千葉,銚子地方気象台,2023-11-13T11:00:00+09:00,北東部,2023-11-15T00:00:00+09:00,くもり　時々　晴れ,北西の風,１．５メートル
千葉,銚子地方気象台,2023-11-13T11:00:00+09:00,南部,2023-11-13T11:00:00+09:00,くもり　時々　晴れ,北の風　やや強く　夷隅・安房　では　北の風　強く,３メートル　後　２メートル
千葉,銚子地方気象台,2023-11-13T11:00:00+09:00,南部,2023-11-14T00:00:00+09:00,晴れ　昼過ぎ　から　くもり　所により　夜遅く　雨,北の風　後　南東の風　夷隅・安房　では　はじめ　北の風　やや強く,２メートル　後　１．５メートル　うねり　を伴う
千葉,銚子地方気象台,2023-11-13T11:00:00+09:00,南部,2023-11-15T00:00:00+09:00,くもり　時々　晴れ,西の風,１．５メートル
東京,気象庁,2023-11-13T11:00:00+09:00,東京地方,2023-11-13T11:00:00+09:00,くもり　時々　晴れ　所により　昼過ぎ　まで　雨,北の風　後　やや強く,０．５メートル　後　１．５メートル
東京,気象庁,2023-11-13T11:00:00+09:00,東京地方,2023-11-14T00:00:00+09:00,晴れ　夕方　から　くもり,北西の風　後　南の風,０．５メートル
東京,気象庁,2023-11-13T11:00:00+09:00,東京地方,2023-11-15T00:00:00+09:00,くもり　時々　晴れ,北の風,０．５メートル
東京,気象庁,2023-11-13T11:00:00+09:00,伊豆諸島北部,2023-11-13T11:00:00+09:00,くもり　時々　晴れ　所により　夕方　まで　雨　で　雷を伴う,北の風　やや強く　後　北東の風　やや強く　新島　では　西の風　強く,２メートル　ただし　新島　では　２．５メートル　後　３メートル
東京,気象庁,2023-11-13T11:00:00+09:00,伊豆諸島北部,2023-11-14T00:00:00+09:00,くもり　時々　晴れ　所により　夜　雨,北東の風　後　南の風,１．５メートル　ただし　新島　では　２．５メートル　後　１．５メートル
東京,気象庁,2023-11-13T11:00:00+09:00,伊豆諸島北部,2023-11-15T00:00:00+09:00,くもり　時々　晴れ,北の風　後　西の風,１．５メートル
東京,気象庁,2023-11-13T11:00:00+09:00,伊豆諸島南部,2023-11-13T11:00:00+09:00,雨　夕方　から　くもり　所により　夕方　まで　雷　を伴う,西の風　強く　後　北西の風　強く,４メートル　ただし　三宅島　では　３メートル
東京,気象庁,2023-11-13T11:00:00+09:00,伊豆諸島南部,2023-11-14T00:00:00+09:00,くもり　時々　晴れ　所により　朝晩　雨,北西の風　やや強く　後　西の風,４メートル　後　１．５メートル　ただし　三宅島　では　３メートル　後　１．５メートル
東京,気象庁,2023-11-13T11:00:00+09:00,伊豆諸島南部,2023-11-15T00:00:00+09:00,くもり,西の風　後　北西の風,１．５メートル
東京,気象庁,2023-11-13T11:00:00+09:00,小笠原諸島,2023-11-13T11:00:00+09:00,くもり　所により　夕方　まで　雨,北西の風　やや強く,２メートル　後　３メートル　うねり　を伴う
東京,気象庁,2023-11-13T11:00:00+09:00,小笠原諸島,2023-11-14T00:00:00+09:00,晴れ　時々　くもり,北西の風　やや強く　後　北東の風,３メートル　うねり　を伴う
東京,気象庁,2023-11-13T11:00:00+09:00,小笠原諸島,2023-11-15T00:00:00+09:00,くもり　時々　晴れ,北東の風,２．５メートル　うねり　を伴う
神奈川,横浜地方気象台,2023-11-13T11:00:00+09:00,東部,2023-11-13T11:00:00+09:00,くもり　夕方　から　晴れ　所により　夕方　まで　雨　で　雷を伴う,北の風　海上　では　北の風　やや強く,１．５メートル
神奈川,横浜地方気象台,2023-11-13T11:00:00+09:00,東部,2023-11-14T00:00:00+09:00,晴れ　夕方　から　くもり　所により　夜遅く　雨,北の風　後　南の風,１メートル
神奈川,横浜地方気象台,2023-11-13T11:00:00+09:00,東部,2023-11-15T00:00:00+09:00,くもり　時々　晴れ,北の風,１メートル
神奈川,横浜地方気象台,2023-11-13T11:00:00+09:00,西部,2023-11-13T11:00:00+09:00,くもり　夕方　から　晴れ　所により　夕方　まで　雨　で　雷を伴う,北の風　海上　では　北の風　やや強く,１．５メートル
神奈川,横浜地方気象台,2023-11-13T11:00:00+09:00,西部,2023-11-14T00:00:00+09:00,晴れ　夕方　から　くもり　所により　夜遅く　雨,北の風　後　南の風,１メートル
神奈川,横浜地方気象台,2023-11-13T11:00:00+09:00,西部,2023-11-15T00:00:00+09:00,くもり　時々　晴れ,北西の風,１メートル
新潟,新潟地方気象台,2023-11-13T11:00:00+09:00,下越,2023-11-13T11:00:00+09:00,雨　時々　くもり　所により　雷　を伴う,北西の風　やや強く　海上　では　北西の風　強く,３メートル
新潟,新潟地方気象台,2023-11-13T11:00:00+09:00,下越,2023-11-14T00:00:00+09:00,くもり　朝　まで　時々　雨,北西の風　やや強く　海上　では　はじめ　北西の風　強く,３メートル　後　２メートル　うねり　を伴う
新潟,新潟地方気象台,2023-11-13T11:00:00+09:00,下越,2023-11-15T00:00:00+09:00,くもり　一時　雨,南東の風　後　西の風,１．５メートル　後　１メートル
新潟,新潟地方気象台,2023-11-13T11:00:00+09:00,中越,2023-11-13T11:00:00+09:00,雨　時々　くもり　所により　雷　を伴う,北西の風　やや強く　海上　では　北西の風　強く,２．５メートル　後　３メートル
新潟,新潟地方気象台,2023-11-13T11:00:00+09:00,中越,2023-11-14T00:00:00+09:00,くもり　朝　まで　時々　雨,北西の風　はじめ　やや強く　海上　では　はじめ　北西の風　強く,３メートル　後　１メートル　うねり　を伴う
新潟,新潟地方気象台,2023-11-13T11:00:00+09:00,中越,2023-11-15T00:00:00+09:00,くもり,南東の風　後　西の風,１メートル
新潟,新潟地方気象台,2023-11-13T11:00:00+09:00,上越,2023-11-13T11:00:00+09:00,雨　時々　くもり　所により　雷　を伴う,西の風　やや強く　海上　では　北西の風　強く,２．５メートル　後　３メートル
新潟,新潟地方気象台,2023-11-13T11:00:00+09:00,上越,2023-11-14T00:00:00+09:00,くもり　朝　まで　時々　雨,西の風　はじめ　やや強く　海上　では　はじめ　北西の風　強く,３メートル　後　１メートル　うねり　を伴う
新潟,新潟地方気象台,2023-11-13T11:00:00+09:00,上越,2023-11-15T00:00:00+09:00,くもり,南の風　後　西の風,１メートル
新潟,新潟地方気象台,2023-11-13T11:00:00+09:00,佐渡,2023-11-13T11:00:00+09:00,雨　時々　くもり　所により　雷　を伴う,北西の風　やや強く　後　強く,２．５メートル　後　３メートル
新潟,新潟地方気象台,2023-11-13T11:00:00+09:00,佐渡,2023-11-14T00:00:00+09:00,くもり　朝　まで　時々　雨,北西の風　はじめ　強く,３メートル　後　２メートル　うねり　を伴う
新潟,新潟地方気象台,2023-11-13T11:00:00+09:00,佐渡,2023-11-15T00:00:00+09:00,くもり　一時　雨,南東の風　後　西の風,１．５メートル　後　１メートル
富山,富山地方気象台,2023-11-13T11:00:00+09:00,東部,2023-11-13T11:00:00+09:00,雨　時々　くもり　所により　雷　を伴う,西の風　後　南の風　海上　では　北西の風　やや強く,２．５メートル　うねり　を伴う
富山,富山地方気象台,2023-11-13T11:00:00+09:00,東部,2023-11-14T00:00:00+09:00,くもり　明け方　まで　雨,南の風　東部北　では　はじめ　西の風　やや強く,２．５メートル　後　１．５メートル　うねり　を伴う
富山,富山地方気象台,2023-11-13T11:00:00+09:00,東部,2023-11-15T00:00:00+09:00,くもり,南の風　後　西の風,１メートル
富山,富山地方気象台,2023-11-13T11:00:00+09:00,西部,2023-11-13T11:00:00+09:00,雨　時々　くもり　所により　雷　を伴う,西の風　後　南西の風　海上　では　北西の風　やや強く,１．５メートル　後　１メートル
富山,富山地方気象台,2023-11-13T11:00:00+09:00,西部,2023-11-14T00:00:00+09:00,くもり　明け方　まで　雨,南西の風,１メートル　後　０．５メートル
富山,富山地方気象台,2023-11-13T11:00:00+09:00,西部,2023-11-15T00:00:00+09:00,くもり,南西の風　後　西の風,０．５メートル
石川,金沢地方気象台,2023-11-13T11:00:00+09:00,加賀,2023-11-13T11:00:00+09:00,雨　時々　くもり　所により　雷　を伴う,北西の風　海上　では　北西の風　やや強く,３メートル
石川,金沢地方気象台,2023-11-13T11:00:00+09:00,加賀,2023-11-14T00:00:00+09:00,くもり　所により　朝晩　雨,北西の風　後　南の風,２．５メートル　後　１メートル　うねり　を伴う
石川,金沢地方気象台,2023-11-13T11:00:00+09:00,加賀,2023-11-15T00:00:00+09:00,くもり,南東の風　後　西の風,１．５メートル　後　１メートル
石川,金沢地方気象台,2023-11-13T11:00:00+09:00,能登,2023-11-13T11:00:00+09:00,雨　時々　くもり　所により　雷　を伴う,北西の風　やや強く,３メートル
石川,金沢地方気象台,2023-11-13T11:00:00+09:00,能登,2023-11-14T00:00:00+09:00,くもり　夜　雨,西の風　後　南西の風　海上　では　北西の風　やや強く,３メートル　後　１メートル　うねり　を伴う
石川,金沢地方気象台,2023-11-13T11:00:00+09:00,能登,2023-11-15T00:00:00+09:00,くもり　一時　雨,南の風　後　西の風,１．５メートル　後　１メートル
福井,福井地方気象台,2023-11-13T11:00:00+09:00,嶺北,2023-11-13T11:00:00+09:00,くもり　夕方　まで　時々　雨　所により　雷　を伴う,北の風　やや強く　海上　では　北の風　強く,４メートル　後　３メートル
福井,福井地方気象台,2023-11-13T11:00:00+09:00,嶺北,2023-11-14T00:00:00+09:00,くもり　所により　雨,北の風　後　南の風,２．５メートル　後　１．５メートル　うねり　を伴う
福井,福井地方気象台,2023-11-13T11:00:00+09:00,嶺北,2023-11-15T00:00:00+09:00,くもり,南の風　後　西の風,１．５メートル　後　１メートル
福井,福井地方気象台,2023-11-13T11:00:00+09:00,嶺南,2023-11-13T11:00:00+09:00,くもり　夕方　まで　時々　雨　所により　雷　を伴う,北の風　やや強く　海上　では　北の風　強く,４メートル　後　３メートル
福井,福井地方気象台,2023-11-13T11:00:00+09:00,嶺南,2023-11-14T00:00:00+09:00,くもり　所により　雨,北の風　後　南の風,２．５メートル　後　１メートル　うねり　を伴う
福井,福井地方気象台,2023-11-13T11:00:00+09:00,嶺南,2023-11-15T00:00:00+09:00,くもり,南の風　後　北の風,１メートル
山梨,甲府地方気象台,2023-11-13T11:00:00+09:00,中・西部,2023-11-13T11:00:00+09:00,くもり　昼過ぎ　から　晴れ,北西の風　やや強く,
山梨,甲府地方気象台,2023-11-13T11:00:00+09:00,中・西部,2023-11-14T00:00:00+09:00,晴れ　夜　くもり,北西の風　日中　南西の風,
山梨,甲府地方気象台,2023-11-13T11:00:00+09:00,中・西部,2023-11-15T00:00:00+09:00,晴れ　時々　くもり,南西の風　後　北西の風,
山梨,甲府地方気象台,2023-11-13T11:00:00+09:00,東部・富士五湖,2023-11-13T11:00:00+09:00,くもり　夕方　から　晴れ　所により　昼前　雨,西の風,
山梨,甲府地方気象台,2023-11-13T11:00:00+09:00,東部・富士五湖,2023-11-14T00:00:00+09:00,晴れ　夜　くもり,西の風　後　南東の風,
山梨,甲府地方気象台,2023-11-13T11:00:00+09:00,東部・富士五湖,2023-11-15T00:00:00+09:00,晴れ　時々　くもり,西の風,
長野,長野地方気象台,2023-11-13T11:00:00+09:00,北部,2023-11-13T11:00:00+09:00,くもり　所により　雨か雪　で　雷を伴う,北の風,
長野,長野地方気象台,2023-11-13T11:00:00+09:00,北部,2023-11-14T00:00:00+09:00,くもり　昼前　から　時々　晴れ　所により　朝　まで　雨か雪,北の風,
長野,長野地方気象台,2023-11-13T11:00:00+09:00,北部,2023-11-15T00:00:00+09:00,くもり　時々　晴れ,南の風　後　北の風,
長野,長野地方気象台,2023-11-13T11:00:00+09:00,中部,2023-11-13T11:00:00+09:00,くもり　夕方　から　晴れ　所により　夕方　まで　雨か雪,北の風　諏訪地域　では　西の風　やや強く,
長野,長野地方気象台,2023-11-13T11:00:00+09:00,中部,2023-11-14T00:00:00+09:00,晴れ　時々　くもり,北の風　後　南の風,
長野,長野地方気象台,2023-11-13T11:00:00+09:00,中部,2023-11-15T00:00:00+09:00,晴れ　時々　くもり,南の風　後　北の風,
長野,長野地方気象台,2023-11-13T11:00:00+09:00,南部,2023-11-13T11:00:00+09:00,くもり　昼過ぎ　から　晴れ,北の風,
長野,長野地方気象台,2023-11-13T11:00:00+09:00,南部,2023-11-14T00:00:00+09:00,晴れ　時々　くもり,北の風　日中　南の風,
長野,長野地方気象台,2023-11-13T11:00:00+09:00,南部,2023-11-15T00:00:00+09:00,晴れ　時々　くもり,南の風,
岐阜,岐阜地方気象台,2023-11-13T11:00:00+09:00,美濃地方,2023-11-13T11:00:00+09:00,くもり　時々　晴れ　所により　夕方　まで　雨　で　雷を伴う,北西の風　やや強く,
岐阜,岐阜地方気象台,2023-11-13T11:00:00+09:00,美濃地方,2023-11-14T00:00:00+09:00,晴れ　時々　くもり,北西の風　日中　西の風,
岐阜,岐阜地方気象台,2023-11-13T11:00:00+09:00,美濃地方,2023-11-15T00:00:00+09:00,くもり　後　晴れ,北の風　後　南の風,
岐阜,岐阜地方気象台,2023-11-13T11:00:00+09:00,飛騨地方,2023-11-13T11:00:00+09:00,くもり　所により　雨か雪　で　雷を伴う,北西の風,
岐阜,岐阜地方気象台,2023-11-13T11:00:00+09:00,飛騨地方,2023-11-14T00:00:00+09:00,くもり　昼前　から　時々　晴れ,東の風　日中　北の風,
岐阜,岐阜地方気象台,2023-11-13T11:00:00+09:00,飛騨地方,2023-11-15T00:00:00+09:00,くもり　時々　晴れ,北の風　後　南の風,
静岡,静岡地方気象台,2023-11-13T11:00:00+09:00,中部,2023-11-13T11:00:00+09:00,くもり　昼過ぎ　から　晴れ　所により　昼過ぎ　まで　雨　で　雷を伴う,北西の風　後　やや強く　海上　では　北西の風　強く,２メートル　後　３メートル
静岡,静岡地方気象台,2023-11-13T11:00:00+09:00,中部,2023-11-14T00:00:00+09:00,晴れ,西の風　海上　では　北西の風　やや強く,２．５メートル　後　１．５メートル
静岡,静岡地方気象台,2023-11-13T11:00:00+09:00,中部,2023-11-15T00:00:00+09:00,くもり　後　晴れ,西の風,１．５メートル
静岡,静岡地方気象台,2023-11-13T11:00:00+09:00,西部,2023-11-13T11:00:00+09:00,くもり　昼過ぎ　から　晴れ　所により　昼過ぎ　まで　雨　で　雷を伴う,北西の風　後　やや強く　海上　では　北西の風　強く,２メートル　後　３メートル
静岡,静岡地方気象台,2023-11-13T11:00:00+09:00,西部,2023-11-14T00:00:00+09:00,晴れ,西の風　海上　では　北西の風　やや強く,２．５メートル　後　１．５メートル
静岡,静岡地方気象台,2023-11-13T11:00:00+09:00,西部,2023-11-15T00:00:00+09:00,くもり　後　晴れ,西の風,１．５メートル
静岡,静岡地方気象台,2023-11-13T11:00:00+09:00,東部,2023-11-13T11:00:00+09:00,くもり　昼過ぎ　から　晴れ　所により　昼過ぎ　まで　雨　で　雷を伴う,西の風　海上　では　北の風　やや強く,１メートル
静岡,静岡地方気象台,2023-11-13T11:00:00+09:00,東部,2023-11-14T00:00:00+09:00,晴れ　時々　くもり,東の風　日中　西の風,１メートル
静岡,静岡地方気象台,2023-11-13T11:00:00+09:00,東部,2023-11-15T00:00:00+09:00,くもり　後　晴れ,西の風,１メートル
静岡,静岡地方気象台,2023-11-13T11:00:00+09:00,伊豆,2023-11-13T11:00:00+09:00,晴れ　時々　くもり　所により　昼過ぎ　まで　雨　で　雷を伴う,北西の風　後　やや強く　伊豆南　では　北西の風　強く,２メートル　後　３メートル
静岡,静岡地方気象台,2023-11-13T11:00:00+09:00,伊豆,2023-11-14T00:00:00+09:00,くもり　時々　晴れ,東の風　後　西の風　伊豆南　では　北西の風　やや強く,２．５メートル　後　１．５メートル
静岡,静岡地方気象台,2023-11-13T11:00:00+09:00,伊豆,2023-11-15T00:00:00+09:00,くもり　後　晴れ,西の風,１．５メートル
愛知,名古屋地方気象台,2023-11-13T11:00:00+09:00,西部,2023-11-13T11:00:00+09:00,晴れ,北西の風　やや強く　海上　では　北西の風　強く,１メートル
愛知,名古屋地方気象台,2023-11-13T11:00:00+09:00,西部,2023-11-14T00:00:00+09:00,晴れ　明け方　まで　くもり,北西の風　後　西の風,０．５メートル
愛知,名古屋地方気象台,2023-11-13T11:00:00+09:00,西部,2023-11-15T00:00:00+09:00,くもり　後　晴れ,北西の風,０．５メートル
愛知,名古屋地方気象台,2023-11-13T11:00:00+09:00,東部,2023-11-13T11:00:00+09:00,晴れ,北西の風　やや強く　海上　では　北西の風　強く,２．５メートル　後　２メートル　ただし　内海　では　１メートル
愛知,名古屋地方気象台,2023-11-13T11:00:00+09:00,東部,2023-11-14T00:00:00+09:00,晴れ　明け方　まで　くもり,北の風　後　北西の風　東三河南部　では　北西の風　やや強く,２メートル　後　１．５メートル　ただし　内海　では　０．５メートル
愛知,名古屋地方気象台,2023-11-13T11:00:00+09:00,東部,2023-11-15T00:00:00+09:00,くもり　後　晴れ,西の風,１．５メートル　ただし　内海　では　０．５メートル
三重,津地方気象台,2023-11-13T11:00:00+09:00,北中部,2023-11-13T11:00:00+09:00,晴れ　時々　くもり,北西の風　やや強く　後　西の風　海上　では　北西の風　強く,１メートル
三重,津地方気象台,2023-11-13T11:00:00+09:00,北中部,2023-11-14T00:00:00+09:00,晴れ　時々　くもり,西の風,０．５メートル
三重,津地方気象台,2023-11-13T11:00:00+09:00,北中部,2023-11-15T00:00:00+09:00,くもり　後　晴れ,西の風,０．５メートル
三重,津地方気象台,2023-11-13T11:00:00+09:00,南部,2023-11-13T11:00:00+09:00,晴れ　時々　くもり,北の風　やや強く　後　北西の風　海上　では　北西の風　強く,２メートル
三重,津地方気象台,2023-11-13T11:00:00+09:00,南部,2023-11-14T00:00:00+09:00,晴れ　昼前　まで　時々　くもり,西の風　日中　北の風　海上　では　はじめ　北西の風　やや強く,１．５メートル
三重,津地方気象台,2023-11-13T11:00:00+09:00,南部,2023-11-15T00:00:00+09:00,くもり　後　晴れ,北の風,１．５メートル
滋賀,彦根地方気象台,2023-11-13T11:00:00+09:00,南部,2023-11-13T11:00:00+09:00,雨　昼過ぎ　から　くもり　所により　夕方　まで　雷　を伴う,北西の風　やや強く,
滋賀,彦根地方気象台,2023-11-13T11:00:00+09:00,南部,2023-11-14T00:00:00+09:00,くもり　昼過ぎ　から　時々　晴れ　所により　明け方　まで　雨,北西の風　後　南東の風,
滋賀,彦根地方気象台,2023-11-13T11:00:00+09:00,南部,2023-11-15T00:00:00+09:00,晴れ　時々　くもり,北西の風,
滋賀,彦根地方気象台,2023-11-13T11:00:00+09:00,北部,2023-11-13T11:00:00+09:00,くもり　時々　雨　所により　夕方　まで　雷　を伴う,北西の風　やや強く,
滋賀,彦根地方気象台,2023-11-13T11:00:00+09:00,北部,2023-11-14T00:00:00+09:00,くもり　後　晴れ　明け方　まで　雨,北西の風　後　南東の風,
滋賀,彦根地方気象台,2023-11-13T11:00:00+09:00,北部,2023-11-15T00:00:00+09:00,晴れ　時々　くもり,北西の風,
京都,京都地方気象台,2023-11-13T11:00:00+09:00,南部,2023-11-13T11:00:00+09:00,雨　昼過ぎ　から　くもり　所により　夕方　まで　雷　を伴う,北の風　後　西の風,
京都,京都地方気象台,2023-11-13T11:00:00+09:00,南部,2023-11-14T00:00:00+09:00,晴れ　時々　くもり　所により　明け方　まで　雨,西の風,
京都,京都地方気象台,2023-11-13T11:00:00+09:00,南部,2023-11-15T00:00:00+09:00,晴れ　時々　くもり,南の風,
京都,京都地方気象台,2023-11-13T11:00:00+09:00,北部,2023-11-13T11:00:00+09:00,雨　夕方　から　時々　くもり　所により　夕方　まで　雷　を伴う,北の風　やや強く　海上　では　北の風　強く,４メートル　後　３メートル　うねり　を伴う
京都,京都地方気象台,2023-11-13T11:00:00+09:00,北部,2023-11-14T00:00:00+09:00,くもり　昼過ぎ　から　時々　晴れ　所により　昼前　まで　雨,北西の風　後　西の風　海上　では　北西の風　やや強く,２．５メートル　後　１．５メートル　うねり　を伴う
京都,京都地方気象台,2023-11-13T11:00:00+09:00,北部,2023-11-15T00:00:00+09:00,くもり　時々　晴れ,西の風,１．５メートル　後　１メートル
大阪,大阪管区気象台,2023-11-13T11:00:00+09:00,大阪府,2023-11-13T11:00:00+09:00,くもり　所により　昼前　雨,北の風　やや強く　海上　では　北の風　強く,１．５メートル　後　１メートル
大阪,大阪管区気象台,2023-11-13T11:00:00+09:00,大阪府,2023-11-14T00:00:00+09:00,晴れ　朝晩　くもり,北西の風　後　西の風,０．５メートル
大阪,大阪管区気象台,2023-11-13T11:00:00+09:00,大阪府,2023-11-15T00:00:00+09:00,晴れ　時々　くもり,北東の風　後　南西の風,０．５メートル
兵庫,神戸地方気象台,2023-11-13T11:00:00+09:00,南部,2023-11-13T11:00:00+09:00,くもり　所により　雨　で　雷を伴う,北の風　やや強く　海上　では　北の風　強く,１．５メートル　後　１メートル
兵庫,神戸地方気象台,2023-11-13T11:00:00+09:00,南部,2023-11-14T00:00:00+09:00,晴れ　時々　くもり　所により　明け方　まで　雨,北西の風　後　西の風,０．５メートル
兵庫,神戸地方気象台,2023-11-13T11:00:00+09:00,南部,2023-11-15T00:00:00+09:00,晴れ　時々　くもり,北東の風,０．５メートル
兵庫,神戸地方気象台,2023-11-13T11:00:00+09:00,北部,2023-11-13T11:00:00+09:00,雨　夕方　から　時々　くもり　所により　夕方　まで　雷　を伴う,北の風　やや強く　海上　では　北の風　強く,４メートル　後　３メートル　うねり　を伴う
兵庫,神戸地方気象台,2023-11-13T11:00:00+09:00,北部,2023-11-14T00:00:00+09:00,くもり　後　晴れ　明け方　まで　雨,北西の風　後　西の風　海上　では　北西の風　やや強く,２．５メートル　後　１．５メートル　うねり　を伴う
兵庫,神戸地方気象台,2023-11-13T11:00:00+09:00,北部,2023-11-15T00:00:00+09:00,くもり　時々　晴れ,南の風,１．５メートル　後　１メートル
奈良,奈良地方気象台,2023-11-13T11:00:00+09:00,北部,2023-11-13T11:00:00+09:00,くもり　所により　昼過ぎ　まで　雨,北西の風,
奈良,奈良地方気象台,2023-11-13T11:00:00+09:00,北部,2023-11-14T00:00:00+09:00,晴れ　朝晩　くもり,南東の風　後　西の風,
奈良,奈良地方気象台,2023-11-13T11:00:00+09:00,北部,2023-11-15T00:00:00+09:00,晴れ　時々　くもり,南の風　後　西の風,
奈良,奈良地方気象台,2023-11-13T11:00:00+09:00,南部,2023-11-13T11:00:00+09:00,くもり　時々　晴れ　所により　昼過ぎ　まで　雨,北の風,
奈良,奈良地方気象台,2023-11-13T11:00:00+09:00,南部,2023-11-14T00:00:00+09:00,晴れ　朝晩　くもり,北の風　日中　南の風,
奈良,奈良地方気象台,2023-11-13T11:00:00+09:00,南部,2023-11-15T00:00:00+09:00,晴れ　時々　くもり,北の風,
和歌山,和歌山地方気象台,2023-11-13T11:00:00+09:00,北部,2023-11-13T11:00:00+09:00,くもり　所により　昼過ぎ　まで　雨,北の風　やや強く　海上　では　北の風　強く,２メートル　後　１．５メートル
和歌山,和歌山地方気象台,2023-11-13T11:00:00+09:00,北部,2023-11-14T00:00:00+09:00,晴れ　朝晩　くもり,北の風　後　東の風,１メートル
和歌山,和歌山地方気象台,2023-11-13T11:00:00+09:00,北部,2023-11-15T00:00:00+09:00,くもり　時々　晴れ,東の風,１メートル
和歌山,和歌山地方気象台,2023-11-13T11:00:00+09:00,南部,2023-11-13T11:00:00+09:00,晴れ　時々　くもり,北の風　やや強く　海上　では　北の風　強く,３メートル　後　２メートル
和歌山,和歌山地方気象台,2023-11-13T11:00:00+09:00,南部,2023-11-14T00:00:00+09:00,晴れ,北の風　後　西の風　海上　では　西の風　やや強く,１．５メートル
和歌山,和歌山地方気象台,2023-11-13T11:00:00+09:00,南部,2023-11-15T00:00:00+09:00,くもり　時々　晴れ,北の風　後　東の風,１．５メートル
鳥取,鳥取地方気象台,2023-11-13T11:00:00+09:00,東部,2023-11-13T11:00:00+09:00,雨　所により　夕方　まで　雷　を伴う,北の風　やや強く　後　南東の風　海上　では　はじめ　北の風　強く,４メートル　後　３メートル　うねり　を伴う
鳥取,鳥取地方気象台,2023-11-13T11:00:00+09:00,東部,2023-11-14T00:00:00+09:00,くもり　昼前　から　時々　晴れ　所により　明け方　まで　雨,南東の風　後　北西の風　海上　では　南西の風　やや強く,２．５メートル　後　１．５メートル　うねり　を伴う
鳥取,鳥取地方気象台,2023-11-13T11:00:00+09:00,東部,2023-11-15T00:00:00+09:00,くもり　時々　晴れ,南東の風　後　北西の風,１．５メートル　後　１メートル
鳥取,鳥取地方気象台,2023-11-13T11:00:00+09:00,中・西部,2023-11-13T11:00:00+09:00,雨　所により　夕方　まで　雷　を伴う,北の風　やや強く　後　南の風　海上　では　はじめ　北の風　強く,４メートル　後　３メートル　うねり　を伴う
鳥取,鳥取地方気象台,2023-11-13T11:00:00+09:00,中・西部,2023-11-14T00:00:00+09:00,くもり　昼前　から　時々　晴れ,南の風　日中　西の風　海上　では　南西の風　やや強く,２．５メートル　後　１．５メートル　うねり　を伴う
鳥取,鳥取地方気象台,2023-11-13T11:00:00+09:00,中・西部,2023-11-15T00:00:00+09:00,くもり　時々　晴れ,南の風　後　西の風,１．５メートル　後　１メートル
島根,松江地方気象台,2023-11-13T11:00:00+09:00,東部,2023-11-13T11:00:00+09:00,雨　夜　くもり　所により　夕方　まで　雷　を伴う,北の風　やや強く　後　西の風,４メートル　後　３メートル　うねり　を伴う
島根,松江地方気象台,2023-11-13T11:00:00+09:00,東部,2023-11-14T00:00:00+09:00,晴れ　朝晩　くもり,西の風　海上　では　南西の風　やや強く,２．５メートル　後　１．５メートル　うねり　を伴う
島根,松江地方気象台,2023-11-13T11:00:00+09:00,東部,2023-11-15T00:00:00+09:00,くもり　時々　晴れ,西の風,１．５メートル　後　１メートル
島根,松江地方気象台,2023-11-13T11:00:00+09:00,西部,2023-11-13T11:00:00+09:00,雨　夜　くもり　所により　夕方　まで　雷　を伴う,北の風　やや強く,４メートル　後　３メートル　うねり　を伴う
島根,松江地方気象台,2023-11-13T11:00:00+09:00,西部,2023-11-14T00:00:00+09:00,晴れ　朝晩　くもり,南西の風　海上　では　南西の風　やや強く,２．５メートル　後　１．５メートル　うねり　を伴う
島根,松江地方気象台,2023-11-13T11:00:00+09:00,西部,2023-11-15T00:00:00+09:00,くもり　時々　晴れ,西の風,１．５メートル　後　１メートル
島根,松江地方気象台,2023-11-13T11:00:00+09:00,隠岐,2023-11-13T11:00:00+09:00,雨　昼過ぎ　から　くもり　所により　夕方　まで　雷　を伴う,北の風　やや強く　後　北西の風,４メートル　後　３メートル　うねり　を伴う
島根,松江地方気象台,2023-11-13T11:00:00+09:00,隠岐,2023-11-14T00:00:00+09:00,晴れ　朝晩　くもり,西の風　海上　では　南西の風　やや強く,２．５メートル　後　１．５メートル　うねり　を伴う
島根,松江地方気象台,2023-11-13T11:00:00+09:00,隠岐,2023-11-15T00:00:00+09:00,くもり　時々　晴れ,西の風,１．５メートル　後　１メートル
岡山,岡山地方気象台,2023-11-13T11:00:00+09:00,南部,2023-11-13T11:00:00+09:00,くもり　夕方　から　晴れ　所により　昼前　雨,北西の風　はじめ　やや強く,１メートル　後　０．５メートル
岡山,岡山地方気象台,2023-11-13T11:00:00+09:00,南部,2023-11-14T00:00:00+09:00,晴れ,北西の風　日中　南西の風,０．５メートル
岡山,岡山地方気象台,2023-11-13T11:00:00+09:00,南部,2023-11-15T00:00:00+09:00,くもり　時々　晴れ,北の風　後　南西の風,０．５メートル
岡山,岡山地方気象台,2023-11-13T11:00:00+09:00,北部,2023-11-13T11:00:00+09:00,くもり　所により　夕方　まで　雨,北の風　後　西の風,
岡山,岡山地方気象台,2023-11-13T11:00:00+09:00,北部,2023-11-14T00:00:00+09:00,晴れ　明け方　まで　くもり,北西の風　日中　南西の風,
岡山,岡山地方気象台,2023-11-13T11:00:00+09:00,北部,2023-11-15T00:00:00+09:00,くもり　時々　晴れ,西の風,
広島,広島地方気象台,2023-11-13T11:00:00+09:00,南部,2023-11-13T11:00:00+09:00,くもり　所により　昼過ぎ　まで　雨　で　雷を伴う,北の風　海上　では　北の風　やや強く,１メートル　後　０．５メートル
広島,広島地方気象台,2023-11-13T11:00:00+09:00,南部,2023-11-14T00:00:00+09:00,晴れ　朝晩　くもり,北の風　日中　南西の風,０．５メートル
広島,広島地方気象台,2023-11-13T11:00:00+09:00,南部,2023-11-15T00:00:00+09:00,くもり　時々　晴れ,北の風,０．５メートル
広島,広島地方気象台,2023-11-13T11:00:00+09:00,北部,2023-11-13T11:00:00+09:00,雨　夕方　から　くもり　所により　夕方　まで　雷　を伴う,北西の風,
広島,広島地方気象台,2023-11-13T11:00:00+09:00,北部,2023-11-14T00:00:00+09:00,晴れ　朝晩　くもり,北の風　日中　西の風,
広島,広島地方気象台,2023-11-13T11:00:00+09:00,北部,2023-11-15T00:00:00+09:00,くもり　時々　晴れ,西の風,
山口,下関地方気象台,2023-11-13T11:00:00+09:00,西部,2023-11-13T11:00:00+09:00,雨　夕方　から　くもり　所により　夕方　まで　雷　を伴う,北西の風　やや強く　後　西の風,４メートル　後　２メートル　うねり　を伴う　ただし　瀬戸内側　では　１メートル　後　０．５メートル
山口,下関地方気象台,2023-11-13T11:00:00+09:00,西部,2023-11-14T00:00:00+09:00,晴れ　昼過ぎ　から　くもり　所により　夜遅く　雨,西の風,１．５メートル　後　１メートル　ただし　瀬戸内側　では　０．５メートル
山口,下関地方気象台,2023-11-13T11:00:00+09:00,西部,2023-11-15T00:00:00+09:00,晴れ　時々　くもり,西の風　後　北西の風,１メートル　ただし　瀬戸内側　では　０．５メートル
山口,下関地方気象台,2023-11-13T11:00:00+09:00,中部,2023-11-13T11:00:00+09:00,雨　夕方　から　くもり　所により　夕方　まで　雷　を伴う,北西の風　やや強く　後　北東の風,１．５メートル　後　０．５メートル
山口,下関地方気象台,2023-11-13T11:00:00+09:00,中部,2023-11-14T00:00:00+09:00,晴れ　昼過ぎ　から　くもり　所により　夜遅く　雨,南西の風,０．５メートル
山口,下関地方気象台,2023-11-13T11:00:00+09:00,中部,2023-11-15T00:00:00+09:00,晴れ　時々　くもり,北の風,０．５メートル
山口,下関地方気象台,2023-11-13T11:00:00+09:00,東部,2023-11-13T11:00:00+09:00,くもり　所により　夕方　まで　雨　で　雷を伴う,西の風　やや強く,１．５メートル　後　０．５メートル
山口,下関地方気象台,2023-11-13T11:00:00+09:00,東部,2023-11-14T00:00:00+09:00,晴れ　昼過ぎ　から　くもり　所により　夜遅く　雨,西の風,０．５メートル
山口,下関地方気象台,2023-11-13T11:00:00+09:00,東部,2023-11-15T00:00:00+09:00,晴れ　時々　くもり,西の風　後　南西の風,０．５メートル
山口,下関地方気象台,2023-11-13T11:00:00+09:00,北部,2023-11-13T11:00:00+09:00,雨　夕方　から　くもり　所により　夕方　まで　雷　を伴う,北の風　やや強く　後　南の風,４メートル　後　２メートル　うねり　を伴う
山口,下関地方気象台,2023-11-13T11:00:00+09:00,北部,2023-11-14T00:00:00+09:00,晴れ　昼過ぎ　から　くもり　所により　夜遅く　雨,西の風,１．５メートル　後　１メートル
山口,下関地方気象台,2023-11-13T11:00:00+09:00,北部,2023-11-15T00:00:00+09:00,晴れ　時々　くもり,北の風,１メートル
徳島,徳島地方気象台,2023-11-13T11:00:00+09:00,北部,2023-11-13T11:00:00+09:00,雨　昼過ぎ　から　くもり　所により　夕方　まで　雷　を伴う,北の風　やや強く　海上　では　北西の風　強く,１．５メートル　後　１メートル
徳島,徳島地方気象台,2023-11-13T11:00:00+09:00,北部,2023-11-14T00:00:00+09:00,晴れ　時々　くもり,西の風　後　南の風,１メートル
徳島,徳島地方気象台,2023-11-13T11:00:00+09:00,北部,2023-11-15T00:00:00+09:00,くもり　時々　晴れ,西の風　後　北の風,１メートル
徳島,徳島地方気象台,2023-11-13T11:00:00+09:00,南部,2023-11-13T11:00:00+09:00,晴れ　時々　くもり　所により　昼過ぎ　まで　雨　で　雷を伴う,北の風　やや強く　海上　では　北西の風　強く,２．５メートル　後　２メートル
徳島,徳島地方気象台,2023-11-13T11:00:00+09:00,南部,2023-11-14T00:00:00+09:00,晴れ,西の風　日中　南東の風,１．５メートル
徳島,徳島地方気象台,2023-11-13T11:00:00+09:00,南部,2023-11-15T00:00:00+09:00,くもり　時々　晴れ,東の風,１．５メートル
香川,高松地方気象台,2023-11-13T11:00:00+09:00,香川県,2023-11-13T11:00:00+09:00,雨　昼過ぎ　から　くもり　所により　夕方　まで　雷　を伴う,北西の風　海上　では　北西の風　やや強く,１メートル　後　０．５メートル
香川,高松地方気象台,2023-11-13T11:00:00+09:00,香川県,2023-11-14T00:00:00+09:00,晴れ　朝晩　くもり,西の風,０．５メートル
香川,高松地方気象台,2023-11-13T11:00:00+09:00,香川県,2023-11-15T00:00:00+09:00,くもり　時々　晴れ,北西の風,０．５メートル
愛媛,松山地方気象台,2023-11-13T11:00:00+09:00,中予,2023-11-13T11:00:00+09:00,雨　夕方　から　くもり　所により　夕方　まで　雷　を伴う,北の風　海上　では　北の風　やや強く,１メートル　後　０．５メートル
愛媛,松山地方気象台,2023-11-13T11:00:00+09:00,中予,2023-11-14T00:00:00+09:00,晴れ　朝晩　くもり,北東の風　日中　西の風,０．５メートル
愛媛,松山地方気象台,2023-11-13T11:00:00+09:00,中予,2023-11-15T00:00:00+09:00,くもり　時々　晴れ,北東の風　後　東の風,０．５メートル
愛媛,松山地方気象台,2023-11-13T11:00:00+09:00,東予,2023-11-13T11:00:00+09:00,雨　夕方　から　くもり　所により　夕方　まで　雷　を伴う,北の風　海上　では　北の風　やや強く,１メートル　後　０．５メートル
愛媛,松山地方気象台,2023-11-13T11:00:00+09:00,東予,2023-11-14T00:00:00+09:00,晴れ　朝晩　くもり,東の風　日中　西の風,０．５メートル
愛媛,松山地方気象台,2023-11-13T11:00:00+09:00,東予,2023-11-15T00:00:00+09:00,くもり　時々　晴れ,東の風　後　南東の風,０．５メートル
愛媛,松山地方気象台,2023-11-13T11:00:00+09:00,南予,2023-11-13T11:00:00+09:00,雨　夕方　から　くもり　所により　夕方　まで　雷　を伴う,北の風　やや強く　海上　では　北西の風　強く,２メートル　後　１．５メートル
愛媛,松山地方気象台,2023-11-13T11:00:00+09:00,南予,2023-11-14T00:00:00+09:00,晴れ　朝晩　くもり,東の風　日中　西の風,１メートル
愛媛,松山地方気象台,2023-11-13T11:00:00+09:00,南予,2023-11-15T00:00:00+09:00,くもり　時々　晴れ,西の風,１メートル
高知,高知地方気象台,2023-11-13T11:00:00+09:00,中部,2023-11-13T11:00:00+09:00,晴れ　時々　くもり　所により　昼過ぎ　まで　雨　で　雷を伴う,北の風　やや強く　海上　では　北西の風　強く,２メートル　後　１．５メートル
高知,高知地方気象台,2023-11-13T11:00:00+09:00,中部,2023-11-14T00:00:00+09:00,晴れ　夜　くもり,北の風　後　南の風,１．５メートル
高知,高知地方気象台,2023-11-13T11:00:00+09:00,中部,2023-11-15T00:00:00+09:00,くもり　時々　晴れ,西の風,１．５メートル
高知,高知地方気象台,2023-11-13T11:00:00+09:00,東部,2023-11-13T11:00:00+09:00,晴れ　時々　くもり　所により　昼過ぎ　まで　雨　で　雷を伴う,北の風　やや強く　海上　では　北西の風　強く,２．５メートル　後　２メートル
高知,高知地方気象台,2023-11-13T11:00:00+09:00,東部,2023-11-14T00:00:00+09:00,晴れ,北の風　後　西の風,１．５メートル
高知,高知地方気象台,2023-11-13T11:00:00+09:00,東部,2023-11-15T00:00:00+09:00,くもり　時々　晴れ,東の風,１．５メートル
高知,高知地方気象台,2023-11-13T11:00:00+09:00,西部,2023-11-13T11:00:00+09:00,くもり　時々　晴れ　所により　夕方　まで　雨　で　雷を伴う,北の風　やや強く　海上　では　北西の風　強く,２．５メートル　後　１．５メートル
高知,高知地方気象台,2023-11-13T11:00:00+09:00,西部,2023-11-14T00:00:00+09:00,晴れ　朝晩　くもり,北の風　日中　西の風,１．５メートル
高知,高知地方気象台,2023-11-13T11:00:00+09:00,西部,2023-11-15T00:00:00+09:00,くもり　時々　晴れ,北の風,１．５メートル
福岡,福岡管区気象台,2023-11-13T11:00:00+09:00,福岡地方,2023-11-13T11:00:00+09:00,くもり　所により　夕方　まで　雨　で　雷を伴う,北の風　海上　では　北西の風　やや強く,３メートル　後　２メートル　うねり　を伴う
福岡,福岡管区気象台,2023-11-13T11:00:00+09:00,福岡地方,2023-11-14T00:00:00+09:00,晴れ　昼過ぎ　から　くもり,南の風　後　西の風,１．５メートル　後　１メートル
福岡,福岡管区気象台,2023-11-13T11:00:00+09:00,福岡地方,2023-11-15T00:00:00+09:00,晴れ　時々　くもり,北の風,１メートル
福岡,福岡管区気象台,2023-11-13T11:00:00+09:00,北九州地方,2023-11-13T11:00:00+09:00,くもり　昼過ぎ　一時　雨　所により　夕方　まで　雷　を伴う,北西の風　海上　では　北西の風　やや強く,３メートル　後　２メートル　うねり　を伴う　ただし　瀬戸内側　では　１メートル　後　０．５メートル
福岡,福岡管区気象台,2023-11-13T11:00:00+09:00,北九州地方,2023-11-14T00:00:00+09:00,晴れ　昼過ぎ　から　くもり,南の風　日中　西の風,１．５メートル　後　１メートル　ただし　瀬戸内側　では　０．５メートル
福岡,福岡管区気象台,2023-11-13T11:00:00+09:00,北九州地方,2023-11-15T00:00:00+09:00,晴れ　時々　くもり,南の風　後　北の風,１メートル　ただし　瀬戸内側　では　０．５メートル
福岡,福岡管区気象台,2023-11-13T11:00:00+09:00,筑豊地方,2023-11-13T11:00:00+09:00,くもり　昼過ぎ　一時　雨　所により　夕方　まで　雷　を伴う,北西の風　後　北の風,
福岡,福岡管区気象台,2023-11-13T11:00:00+09:00,筑豊地方,2023-11-14T00:00:00+09:00,晴れ　昼過ぎ　から　くもり,南の風　日中　西の風,
福岡,福岡管区気象台,2023-11-13T11:00:00+09:00,筑豊地方,2023-11-15T00:00:00+09:00,晴れ　時々　くもり,北の風,
福岡,福岡管区気象台,2023-11-13T11:00:00+09:00,筑後地方,2023-11-13T11:00:00+09:00,くもり　所により　夕方　まで　雨　で　雷を伴う,北の風　海上　では　はじめ　北西の風　やや強く,１メートル　後　０．５メートル
福岡,福岡管区気象台,2023-11-13T11:00:00+09:00,筑後地方,2023-11-14T00:00:00+09:00,晴れ　昼過ぎ　から　くもり,北東の風　後　西の風,０．５メートル
福岡,福岡管区気象台,2023-11-13T11:00:00+09:00,筑後地方,2023-11-15T00:00:00+09:00,晴れ　時々　くもり,北東の風　後　北の風,０．５メートル
佐賀,佐賀地方気象台,2023-11-13T11:00:00+09:00,南部,2023-11-13T11:00:00+09:00,晴れ　所により　昼過ぎ　から　夕方　雨,北の風　後　西の風,０．５メートル
佐賀,佐賀地方気象台,2023-11-13T11:00:00+09:00,南部,2023-11-14T00:00:00+09:00,晴れ　時々　くもり,南の風　後　西の風,０．５メートル
佐賀,佐賀地方気象台,2023-11-13T11:00:00+09:00,南部,2023-11-15T00:00:00+09:00,晴れ　時々　くもり,南の風　後　北の風,０．５メートル
佐賀,佐賀地方気象台,2023-11-13T11:00:00+09:00,北部,2023-11-13T11:00:00+09:00,晴れ,北西の風　後　北の風　唐津地区　では　北西の風　やや強く,３メートル　後　１．５メートル　うねり　を伴う
佐賀,佐賀地方気象台,2023-11-13T11:00:00+09:00,北部,2023-11-14T00:00:00+09:00,晴れ　時々　くもり,南東の風　後　西の風,１．５メートル　後　１メートル
佐賀,佐賀地方気象台,2023-11-13T11:00:00+09:00,北部,2023-11-15T00:00:00+09:00,晴れ　時々　くもり,北西の風,１メートル
長崎,長崎地方気象台,2023-11-13T11:00:00+09:00,南部,2023-11-13T11:00:00+09:00,くもり　昼過ぎ　晴れ　所により　昼前　雨,北の風　海上　では　北西の風　やや強く,２メートル　後　１メートル
長崎,長崎地方気象台,2023-11-13T11:00:00+09:00,南部,2023-11-14T00:00:00+09:00,くもり　昼過ぎ　まで　時々　晴れ,北東の風　後　西の風,１メートル
長崎,長崎地方気象台,2023-11-13T11:00:00+09:00,南部,2023-11-15T00:00:00+09:00,晴れ　時々　くもり,北の風　後　北西の風,１メートル
長崎,長崎地方気象台,2023-11-13T11:00:00+09:00,北部,2023-11-13T11:00:00+09:00,くもり　昼過ぎ　晴れ　所により　昼前　雨,北西の風　後　北の風　海上　では　北西の風　やや強く,２．５メートル　後　１．５メートル　うねり　を伴う
長崎,長崎地方気象台,2023-11-13T11:00:00+09:00,北部,2023-11-14T00:00:00+09:00,くもり　昼過ぎ　まで　時々　晴れ,北の風　後　西の風,１．５メートル　後　１メートル
長崎,長崎地方気象台,2023-11-13T11:00:00+09:00,北部,2023-11-15T00:00:00+09:00,晴れ　時々　くもり,北西の風,１メートル
長崎,長崎地方気象台,2023-11-13T11:00:00+09:00,壱岐・対馬,2023-11-13T11:00:00+09:00,晴れ,北の風　やや強く　後　北西の風,４メートル　後　２メートル　うねり　を伴う
長崎,長崎地方気象台,2023-11-13T11:00:00+09:00,壱岐・対馬,2023-11-14T00:00:00+09:00,晴れ,北西の風　日中　西の風,１．５メートル　後　１メートル
長崎,長崎地方気象台,2023-11-13T11:00:00+09:00,壱岐・対馬,2023-11-15T00:00:00+09:00,晴れ　時々　くもり,北の風　後　北西の風,１メートル
長崎,長崎地方気象台,2023-11-13T11:00:00+09:00,五島,2023-11-13T11:00:00+09:00,くもり　昼過ぎ　から　夕方　晴れ　所により　昼前　雨,北の風　やや強く　海上　では　はじめ　北の風　強く,３メートル　後　１．５メートル　うねり　を伴う
長崎,長崎地方気象台,2023-11-13T11:00:00+09:00,五島,2023-11-14T00:00:00+09:00,くもり　朝　から　昼前　晴れ　所により　夜　雨,北西の風　後　北の風,１．５メートル　後　１メートル
長崎,長崎地方気象台,2023-11-13T11:00:00+09:00,五島,2023-11-15T00:00:00+09:00,くもり　時々　晴れ,北の風,１メートル
熊本,熊本地方気象台,2023-11-13T11:00:00+09:00,熊本地方,2023-11-13T11:00:00+09:00,晴れ　夕方　から　くもり　所により　夕方　まで　雨,北の風,１メートル　後　０．５メートル
熊本,熊本地方気象台,2023-11-13T11:00:00+09:00,熊本地方,2023-11-14T00:00:00+09:00,晴れ　昼過ぎ　から　くもり,北の風　後　西の風,０．５メートル
熊本,熊本地方気象台,2023-11-13T11:00:00+09:00,熊本地方,2023-11-15T00:00:00+09:00,晴れ　時々　くもり,北の風　後　西の風,０．５メートル
熊本,熊本地方気象台,2023-11-13T11:00:00+09:00,阿蘇地方,2023-11-13T11:00:00+09:00,くもり　時々　晴れ　所により　昼過ぎ　から　夕方　雨,北の風,
熊本,熊本地方気象台,2023-11-13T11:00:00+09:00,阿蘇地方,2023-11-14T00:00:00+09:00,晴れ　夕方　から　くもり,西の風　後　南西の風,
熊本,熊本地方気象台,2023-11-13T11:00:00+09:00,阿蘇地方,2023-11-15T00:00:00+09:00,晴れ　時々　くもり,北西の風　後　東の風,
熊本,熊本地方気象台,2023-11-13T11:00:00+09:00,天草・芦北地方,2023-11-13T11:00:00+09:00,晴れ　時々　くもり　所により　昼前　雨,北西の風　後　北の風　天草地方　では　はじめ　北西の風　強く,２．５メートル　後　１．５メートル　ただし　芦北地方　では　１メートル　後　０．５メートル
熊本,熊本地方気象台,2023-11-13T11:00:00+09:00,天草・芦北地方,2023-11-14T00:00:00+09:00,晴れ　夕方　から　くもり,北東の風　日中　西の風,１メートル　ただし　芦北地方　では　０．５メートル
熊本,熊本地方気象台,2023-11-13T11:00:00+09:00,天草・芦北地方,2023-11-15T00:00:00+09:00,晴れ　時々　くもり,東の風,１メートル　ただし　芦北地方　では　０．５メートル
熊本,熊本地方気象台,2023-11-13T11:00:00+09:00,球磨地方,2023-11-13T11:00:00+09:00,くもり　昼過ぎ　から　晴れ　所により　昼前　雨,北西の風,
熊本,熊本地方気象台,2023-11-13T11:00:00+09:00,球磨地方,2023-11-14T00:00:00+09:00,晴れ　昼前　から　くもり,東の風　後　西の風,
熊本,熊本地方気象台,2023-11-13T11:00:00+09:00,球磨地方,2023-11-15T00:00:00+09:00,晴れ　時々　くもり,北西の風　後　西の風,
大分,大分地方気象台,2023-11-13T11:00:00+09:00,中部,2023-11-13T11:00:00+09:00,晴れ　昼過ぎ　から　夕方　くもり　所により　夕方　まで　雨　で　雷を伴う,西の風　やや強く　後　南の風　海上　では　はじめ　北西の風　強く,２メートル　後　０．５メートル
大分,大分地方気象台,2023-11-13T11:00:00+09:00,中部,2023-11-14T00:00:00+09:00,晴れ　夕方　から　くもり,南の風　日中　北の風,０．５メートル
大分,大分地方気象台,2023-11-13T11:00:00+09:00,中部,2023-11-15T00:00:00+09:00,晴れ　時々　くもり,南の風　後　北の風,０．５メートル
大分,大分地方気象台,2023-11-13T11:00:00+09:00,北部,2023-11-13T11:00:00+09:00,くもり　時々　晴れ　昼過ぎ　一時　雨　所により　夕方　まで　雷　を伴う,西の風　やや強く　海上　では　はじめ　北西の風　強く,２メートル　後　０．５メートル
大分,大分地方気象台,2023-11-13T11:00:00+09:00,北部,2023-11-14T00:00:00+09:00,晴れ　夕方　から　くもり,南西の風　後　西の風,０．５メートル
大分,大分地方気象台,2023-11-13T11:00:00+09:00,北部,2023-11-15T00:00:00+09:00,晴れ　時々　くもり,北西の風　後　北の風,０．５メートル
大分,大分地方気象台,2023-11-13T11:00:00+09:00,西部,2023-11-13T11:00:00+09:00,くもり　時々　晴れ　所により　夕方　まで　雨　で　雷を伴う,西の風,
大分,大分地方気象台,2023-11-13T11:00:00+09:00,西部,2023-11-14T00:00:00+09:00,晴れ　夕方　から　くもり,北東の風　後　西の風,
大分,大分地方気象台,2023-11-13T11:00:00+09:00,西部,2023-11-15T00:00:00+09:00,晴れ　時々　くもり,北の風,
大分,大分地方気象台,2023-11-13T11:00:00+09:00,南部,2023-11-13T11:00:00+09:00,晴れ　昼過ぎ　から　夕方　くもり,北西の風　やや強く　後　北の風　海上　では　はじめ　北西の風　強く,２メートル　後　１メートル
大分,大分地方気象台,2023-11-13T11:00:00+09:00,南部,2023-11-14T00:00:00+09:00,晴れ　昼過ぎ　から　くもり,北の風　日中　南の風,１メートル
大分,大分地方気象台,2023-11-13T11:00:00+09:00,南部,2023-11-15T00:00:00+09:00,晴れ　時々　くもり,北の風,１メートル
宮崎,宮崎地方気象台,2023-11-13T11:00:00+09:00,南部平野部,2023-11-13T11:00:00+09:00,晴れ,西の風　やや強く,１．５メートル　後　１メートル
宮崎,宮崎地方気象台,2023-11-13T11:00:00+09:00,南部平野部,2023-11-14T00:00:00+09:00,晴れ,西の風,１メートル
宮崎,宮崎地方気象台,2023-11-13T11:00:00+09:00,南部平野部,2023-11-15T00:00:00+09:00,晴れ　時々　くもり,北の風　後　北東の風,１メートル　後　１．５メートル
宮崎,宮崎地方気象台,2023-11-13T11:00:00+09:00,北部平野部,2023-11-13T11:00:00+09:00,晴れ,北西の風　やや強く　後　西の風,２メートル　後　１メートル
宮崎,宮崎地方気象台,2023-11-13T11:00:00+09:00,北部平野部,2023-11-14T00:00:00+09:00,晴れ,西の風　日中　東の風,１メートル
宮崎,宮崎地方気象台,2023-11-13T11:00:00+09:00,北部平野部,2023-11-15T00:00:00+09:00,晴れ　時々　くもり,北の風　後　北東の風,１メートル　後　１．５メートル
宮崎,宮崎地方気象台,2023-11-13T11:00:00+09:00,南部山沿い,2023-11-13T11:00:00+09:00,晴れ,北の風,
宮崎,宮崎地方気象台,2023-11-13T11:00:00+09:00,南部山沿い,2023-11-14T00:00:00+09:00,晴れ,北の風　後　南西の風,
宮崎,宮崎地方気象台,2023-11-13T11:00:00+09:00,南部山沿い,2023-11-15T00:00:00+09:00,晴れ　時々　くもり,北の風　後　北東の風,
宮崎,宮崎地方気象台,2023-11-13T11:00:00+09:00,北部山沿い,2023-11-13T11:00:00+09:00,晴れ,北西の風　後　北の風,
宮崎,宮崎地方気象台,2023-11-13T11:00:00+09:00,北部山沿い,2023-11-14T00:00:00+09:00,晴れ,北の風　後　北西の風,
宮崎,宮崎地方気象台,2023-11-13T11:00:00+09:00,北部山沿い,2023-11-15T00:00:00+09:00,晴れ　時々　くもり,北の風　後　北東の風,
鹿児島,鹿児島地方気象台,2023-11-13T11:00:00+09:00,薩摩地方,2023-11-13T11:00:00+09:00,晴れ,北西の風　やや強く　後　北の風,３メートル　後　２メートル
鹿児島,鹿児島地方気象台,2023-11-13T11:00:00+09:00,薩摩地方,2023-11-14T00:00:00+09:00,晴れ　昼前　から　時々　くもり,北の風,１．５メートル　後　１メートル
鹿児島,鹿児島地方気象台,2023-11-13T11:00:00+09:00,薩摩地方,2023-11-15T00:00:00+09:00,晴れ　時々　くもり,北の風　後　北東の風,１メートル
鹿児島,鹿児島地方気象台,2023-11-13T11:00:00+09:00,大隅地方,2023-11-13T11:00:00+09:00,晴れ,北西の風　後　北の風　海上　では　北西の風　やや強く,２．５メートル　後　２メートル
鹿児島,鹿児島地方気象台,2023-11-13T11:00:00+09:00,大隅地方,2023-11-14T00:00:00+09:00,晴れ　昼前　から　時々　くもり,北の風,１．５メートル　後　１メートル
鹿児島,鹿児島地方気象台,2023-11-13T11:00:00+09:00,大隅地方,2023-11-15T00:00:00+09:00,晴れ　時々　くもり,北の風　後　北東の風,１メートル　後　１．５メートル
鹿児島,鹿児島地方気象台,2023-11-13T11:00:00+09:00,種子島・屋久島地方,2023-11-13T11:00:00+09:00,くもり　夕方　から　晴れ　所により　夕方　まで　雨,北西の風　強く　後　北東の風,３メートル　後　２．５メートル
鹿児島,鹿児島地方気象台,2023-11-13T11:00:00+09:00,種子島・屋久島地方,2023-11-14T00:00:00+09:00,くもり　時々　晴れ,北東の風　後　北西の風,２メートル　後　１．５メートル
鹿児島,鹿児島地方気象台,2023-11-13T11:00:00+09:00,種子島・屋久島地方,2023-11-15T00:00:00+09:00,晴れ　時々　くもり,北の風　後　北東の風,１．５メートル
鹿児島,鹿児島地方気象台,2023-11-13T11:00:00+09:00,奄美地方,2023-11-13T11:00:00+09:00,くもり　時々　晴れ　所により　雨,北西の風　強く　後　北の風,４メートル　後　３メートル
鹿児島,鹿児島地方気象台,2023-11-13T11:00:00+09:00,奄美地方,2023-11-14T00:00:00+09:00,くもり　時々　晴れ,北の風　後　北東の風,２．５メートル　後　１．５メートル
鹿児島,鹿児島地方気象台,2023-11-13T11:00:00+09:00,奄美地方,2023-11-15T00:00:00+09:00,くもり　時々　晴れ,北の風　後　北東の風,１．５メートル
沖縄県,沖縄気象台,2023-11-13T11:00:00+09:00,本島中南部,2023-11-13T11:00:00+09:00,くもり　昼過ぎ　から　夕方　晴れ,北の風　強く　後　北東の風　やや強く,３メートル　うねり　を伴う
沖縄県,沖縄気象台,2023-11-13T11:00:00+09:00,本島中南部,2023-11-14T00:00:00+09:00,くもり　朝　から　昼前　晴れ　所により　明け方　まで　雨,北東の風,３メートル　後　２メートル　うねり　を伴う
沖縄県,沖縄気象台,2023-11-13T11:00:00+09:00,本島中南部,2023-11-15T00:00:00+09:00,くもり　後　晴れ,北東の風,１．５メートル
沖縄県,沖縄気象台,2023-11-13T11:00:00+09:00,本島北部,2023-11-13T11:00:00+09:00,くもり　昼過ぎ　から　夕方　晴れ,北の風　強く　後　北東の風　やや強く,３メートル　うねり　を伴う
沖縄県,沖縄気象台,2023-11-13T11:00:00+09:00,本島北部,2023-11-14T00:00:00+09:00,くもり　朝　から　昼前　晴れ　所により　明け方　まで　雨,北東の風,３メートル　後　２メートル　うねり　を伴う
沖縄県,沖縄気象台,2023-11-13T11:00:00+09:00,本島北部,2023-11-15T00:00:00+09:00,くもり　後　晴れ,北東の風,１．５メートル
沖縄県,沖縄気象台,2023-11-13T11:00:00+09:00,久米島,2023-11-13T11:00:00+09:00,くもり　昼過ぎ　から　夕方　晴れ,北の風　強く　後　北東の風　やや強く,３メートル　うねり　を伴う
沖縄県,沖縄気象台,2023-11-13T11:00:00+09:00,久米島,2023-11-14T00:00:00+09:00,くもり　朝　から　昼前　晴れ　所により　明け方　まで　雨,北東の風,３メートル　後　２メートル　うねり　を伴う
沖縄県,沖縄気象台,2023-11-13T11:00:00+09:00,久米島,2023-11-15T00:00:00+09:00,くもり　後　晴れ,北東の風,１．５メートル
沖縄県,石垣島地方気象台,2023-11-13T11:00:00+09:00,石垣島地方,2023-11-13T11:00:00+09:00,くもり　所により　夕方　まで　雨,北東の風　強く　後　やや強く,４メートル　うねり　を伴う
沖縄県,石垣島地方気象台,2023-11-13T11:00:00+09:00,石垣島地方,2023-11-14T00:00:00+09:00,くもり　所により　昼過ぎ　から　雨,北東の風　やや強く,３メートル　後　２．５メートル　うねり　を伴う
沖縄県,石垣島地方気象台,2023-11-13T11:00:00+09:00,石垣島地方,2023-11-15T00:00:00+09:00,くもり　時々　晴れ,北東の風　やや強く　後　東の風　やや強く,２．５メートル
沖縄県,石垣島地方気象台,2023-11-13T11:00:00+09:00,与那国島地方,2023-11-13T11:00:00+09:00,くもり　所により　夕方　まで　雨,北東の風　強く　後　やや強く,４メートル　うねり　を伴う
沖縄県,石垣島地方気象台,2023-11-13T11:00:00+09:00,与那国島地方,2023-11-14T00:00:00+09:00,くもり　夜　雨,北東の風　やや強く,３メートル　後　２．５メートル　うねり　を伴う
沖縄県,石垣島地方気象台,2023-11-13T11:00:00+09:00,与那国島地方,2023-11-15T00:00:00+09:00,くもり　一時　雨,北東の風　やや強く　後　東の風　やや強く,２．５メートル
